Partner Name,Website,Offer Partner Description,Offer Partner Logo (filename)
NoFraud,nofraud.com,End-to-end ecommerce fraud and abuse prevention. AI and expert analyst review to catch high-risk orders before they ship.,nofraud.png
Orita,orita.ai,AI-powered customer segmentation platform for e-commerce. Integrates with Klaviyo to help brands maximize campaign revenue.,orita.png
Treet,treet.co,Branded resale platform that enables e-commerce brands to launch their own secondary marketplaces.,treet.png
Agency AIX,agencyaix.com,Amazon advertising and operations agency for DTC/Shopify brands. Specializes in Amazon advertising optimization.,aix.png
Polar Analytics,polaranalytics.com,"All-in-one e-commerce data platform with centralized analytics, AI agents, and Claude MCP integration.",polar.png
Finsi,finsi.ai,"AI-powered operating system for e-commerce with analytics, automation, and recommendations across the customer lifecycle.",finsi.png
Enavi,enavi.co,Shopify CRO agency specializing in conversion rate optimization through deep customer research and A/B testing.,enavi.png
Fav Solution,favsolution.com,"Shopify Plus development agency specializing in site builds, redesigns, platform migrations, and optimization.",favsolution.png
GoAudience,goaudience.com,Growth decision platform that transforms customer behavior data into actionable marketing decisions.,goaudience.png
Onward,useonward.com,Post-purchase platform that turns CX from a cost center into a profit center with shipping protection and rewards.,onward.png
Shopvision,shopvision.ai,"AI-driven competitive intelligence platform tracking competitor promotions, pricing, ads, and more.",shopvision.png
Rivo,rivo.io,"Retention platform for Shopify with loyalty programs, referral programs, memberships, and more.",rivo.png
Postscript,postscript.io,SMS marketing platform built specifically for Shopify with AI optimization and compliance management.,postscript.png
Kodif,kodif.ai,AI-powered customer support automation platform that resolves tickets faster while maintaining quality.,kodif.png
Shoptin,shoptin.io,Shopify app that optimizes marketing consent collection at checkout with dynamic regional compliance.,shoptin.png
PostPilot,postpilot.com,"Direct mail marketing platform for e-commerce handling strategy, creative, printing, and analytics.",postpilot.png
AppLovin (Axon),axon.ai,AI-powered mobile advertising platform with access to 1B+ daily active users for profitable customer acquisition.,applovin.png
Rokt,rokt.com,E-commerce platform that monetizes the transaction moment with upsells and post-purchase recommendations.,rokt.png
PDQ,prettydamnquick.com,AI-driven checkout and shipping optimization platform that personalizes checkout for each customer segment.,pdq.png
Dashfi,dash.fi,Financial platform with corporate charge card and AI-powered audit agents for ad spend analysis.,dashfi.png
